claim_id,domain,short_name,formal_statement,source_audits,canonical_version,evidence_class,mathematical_status,novelty_status,closest_prior_literature,literature_review_status,proof_location,source_url,computational_support,assumptions_scope,allowed_claim,forbidden_overclaim,physical_status,target_manuscript,editorial_action,priority,repository_status,next_action
MF-R001,Finite graph observability,Degree data do not determine the audited structural profile,"Among loopless labeled digraphs on five vertices, many fixed in/out-degree fibers contain graphs with different audited structural profiles.",A3,A3 legacy baseline,EXACT_ENUMERATION,EXACT_FINITE_COMPUTATION,ORIGINAL_FINITE_COMPUTATION; DEFINITIONS NEED FORMALIZATION,Graph realization and degree-sequence non-uniqueness,PRIOR LITERATURE IDENTIFIED; CLAIM-SPECIFIC SEARCH PENDING,audits/a3_verified_summary.json,https://github.com/DevHabito/precategorical-modal-field-framework/blob/main/audits/a3_verified_summary.json,"1,048,576 labeled digraphs; 225,025 degree fibers; 93,167 fibers with residual variation and 95,053 with full-profile variation.",n=5; loopless directed labeled graphs; profile definitions are implementation-specific.,Degree information is insufficient for the particular structural observables audited at n=5.,"A general asymptotic theorem, or a claim that degree data never identify any relevant structure.",COMBINATORIAL ONLY,COMBINATORICS,KEEP AS SUPPORTING ENUMERATION; DEFINE EVERY PROFILE FORMALLY,P1,IN_REPOSITORY,Write explicit mathematical definitions of the residual and full structural profiles before citation.
MF-R002,Finite information compression,Exact finite rate-distortion curves inside degree fibers,"For selected n=5 degree fibers, exact optimization over all 52 partitions yields distortion curves as a function of entropy budget.",A4,A4 legacy exact stage,EXACT_FINITE_OPTIMIZATION,EXACT_FINITE_COMPUTATION,APPLICATION OF CLASSICAL THEORY; NO GENERAL NOVELTY CLAIM,Shannon rate-distortion theory; finite partition optimization,CLASSICAL ATTRIBUTION REQUIRED,audits/a4_exact_results/a4_summary.json,https://github.com/DevHabito/precategorical-modal-field-framework/blob/main/audits/a4_exact_results/a4_summary.json,Exact curves for six control graphs and their degree fibers.,"Chosen controls, n=5, chosen distortion and partition family.",The stated finite optimization results are exact for the declared controls.,A new general rate-distortion theorem or a physical information law.,COMBINATORIAL / INFORMATION-THEORETIC,SUPPLEMENT_ONLY,MOVE OUT OF MAIN FOUNDATIONAL NARRATIVE,P3,IN_REPOSITORY,"Specify the distortion functional and explain why these controls matter, or retain only in the repository."
MF-R003,Projective graph laws,Finite projective-family polytope is a simplex,"For a fixed maximum size N with induced-subgraph kernels, a finite projective family (p1,...,pN) is uniquely determined by arbitrary pN and is affinely isomorphic to the full simplex on unlabeled N-vertex classes.",A5,A5 legacy exact stage,PROOF + EXACT_ENUMERATION,PROVED_FOR_DECLARED_FINITE_SYSTEM,LIKELY DIRECT COROLLARY OF PROJECTIVE KERNEL CONSTRUCTION,Finite projective systems; Kolmogorov consistency; convex polytopes,NOVELTY SEARCH REQUIRED BEFORE THEOREM CLAIM,audits/a5_exact_results/a5_summary.json,https://github.com/DevHabito/precategorical-modal-field-framework/blob/main/audits/a5_exact_results/a5_summary.json,Composition checked exactly through N=4; polytope dimensions and extreme points enumerated.,Finite top size N; induced-subgraph kernels; no infinite extension claimed by this finite argument.,Finite projectivity alone leaves the top-level distribution unconstrained and therefore does not select a unique law.,"That projectivity never constrains infinite families, or that the result is a new extension theorem.",FOUNDATIONAL MATHEMATICS,FOUNDATIONAL,RECAST AS A SHORT PROPOSITION WITH PRIOR-WORK ATTRIBUTION,P2,IN_REPOSITORY,Compare explicitly with standard projective-limit constructions and exchangeable random graph theory.
MF-R004,Symmetry and law selection,Exchangeability and projectivity do not select a unique graph law,"The independent directed Erdos-Renyi family indexed by p gives a continuum of distinct exchangeable, projective, nondegenerate laws.",A6,A6 legacy symmetry audit,CONSTRUCTIVE_COUNTERFAMILY,PROVED_BY_EXPLICIT_FAMILY,CLASSICAL COUNTEREXAMPLE / DIRECT APPLICATION,Exchangeable random graphs; Aldous-Hoover representation; Erdos-Renyi laws,CLASSICAL ATTRIBUTION REQUIRED,audits/a6_exact_results/a6_summary.json,https://github.com/DevHabito/precategorical-modal-field-framework/blob/main/audits/a6_exact_results/a6_summary.json,Finite symmetry-orbit dimensions enumerated through n=4; continuum counterfamily is analytic.,"Directed loopless graph laws; selected reversal/complement symmetries are assumptions, not derived principles.",The listed symmetries and finite projectivity are insufficient for unique law selection.,A claim that no additional principled axiom could select a law.,FOUNDATIONAL MATHEMATICS,FOUNDATIONAL,KEEP AS A SHORT CLASSICAL COUNTEREXAMPLE,P2,IN_REPOSITORY,Cite exchangeability literature and separate the analytic counterfamily from the finite orbit tables.
MF-R005,Order from directed relations,Condensation of a digraph defines a partial order,"Strongly connected components form equivalence classes under mutual reachability, and the condensation graph is acyclic; quotient reachability is a partial order.","A8, A8.1",A8.1 for terminology and counts,CLASSICAL_THEOREM,PROVED / STANDARD,"CLASSICAL; ATTRIBUTE, DO NOT CLAIM NOVELTY",Strongly connected components and condensation DAGs,CLASSICAL ATTRIBUTION REQUIRED,audits/a8_1_exact_results/a8_1_theorem.md,https://github.com/DevHabito/precategorical-modal-field-framework/blob/main/audits/a8_1_exact_results/a8_1_theorem.md,Implementation self-tests and exhaustive n=5 enumeration support the code.,Finite directed graphs.,A directed relation canonically induces an internal quotient order through SCC condensation.,"Discovery of the SCC condensation theorem, physical time, or a unique temporal arrow.",ORDINAL STRUCTURE ONLY,COMBINATORICS + FOUNDATIONAL,STATE AS BACKGROUND PROPOSITION,P0,IN_REPOSITORY,Use a standard graph-theory citation and remove novelty language.
MF-R006,Order encoding,Full reachability preorder encodes SCC partition and quotient order,The reflexive reachability matrix on the original labeled vertices recovers SCC equivalence from its symmetric part and the condensation order from the quotient.,A8.1,A8.1 canonical,DIRECT_COROLLARY,PROVED,LIKELY CLASSICAL / ELEMENTARY COROLLARY,Finite preorders and quotient posets,NOVELTY CLAIM NOT NEEDED,audits/a8_1_exact_results/a8_1_theorem.md,https://github.com/DevHabito/precategorical-modal-field-framework/blob/main/audits/a8_1_exact_results/a8_1_theorem.md,Exhaustive code comparison for all n=5 digraphs.,Finite labeled digraphs.,The full labeled reachability preorder is an injective representation of the complete labeled condensation structure.,That the representation is a newly discovered graph invariant.,COMBINATORIAL ONLY,COMBINATORICS,KEEP AS DEFINITIONAL LEMMA,P0,IN_REPOSITORY,
MF-R007,Enumeration of preorders,Count of full labeled condensation preorders,"N_full(n) = sum_{k=1}^n S(n,k) p(k), where S(n,k) counts set partitions and p(k) counts partial orders on k labeled blocks.",A8.1,A8.1 canonical,COMBINATORIAL_PROOF + EXACT_ENUMERATION,PROVED,LIKELY CLASSICAL ENUMERATION OF FINITE PREORDERS,Enumeration of finite preorders and finite topologies,DEDICATED NOVELTY SEARCH REQUIRED; EXPECT CLASSICAL,audits/a8_1_exact_results/a8_1_theorem.md,https://github.com/DevHabito/precategorical-modal-field-framework/blob/main/audits/a8_1_exact_results/a8_1_theorem.md,"Independent exhaustive enumeration gives N_full(5)=6,942.",Finite labeled sets; every preorder is realizable as reachability of a digraph.,The formula and the n=5 count are correct for full labeled reachability preorders.,Presenting the formula as novel before checking finite-preorder literature.,COMBINATORIAL ONLY,COMBINATORICS,"KEEP, BUT ATTRIBUTE IF PRIOR FORMULA FOUND",P0,IN_REPOSITORY,Search the finite-preorder/topology enumeration literature and OEIS references.
MF-R008,Encoding enumeration,Count of minimum-representative quotient-poset codes,"N_rep(n) = sum_{k=1}^n binom(n-1,k-1) p(k) for the code that stores SCC minima and the quotient order but not full block membership.",A8.1,A8.1 canonical,COMBINATORIAL_PROOF + EXACT_ENUMERATION,PROVED,POTENTIALLY ORIGINAL ELEMENTARY COROLLARY; SEARCH REQUIRED,Finite posets with distinguished feasible minimum-label sets,DEDICATED NOVELTY SEARCH REQUIRED,audits/a8_1_exact_results/a8_1_theorem.md,https://github.com/DevHabito/precategorical-modal-field-framework/blob/main/audits/a8_1_exact_results/a8_1_theorem.md,"Independent exhaustive enumeration gives N_rep(5)=5,234.","Minimum vertex represents each SCC; labels are 0,...,n-1.","The old 5,234 result exactly counts the declared intermediate code.","Calling 5,234 the number of full labeled condensation structures.",COMBINATORIAL ONLY,COMBINATORICS,KEEP AS CORRECTIVE PROPOSITION,P0,IN_REPOSITORY,
MF-R009,Encoding non-injectivity,Minimum-representative code is not injective,"Different SCC partitions can have the same set of SCC minima and the same quotient order, hence the representative code can collapse distinct full labeled preorders.",A8.1,A8.1 canonical,CONSTRUCTIVE_COUNTEREXAMPLE,PROVED,PROJECT-SPECIFIC CORRECTIVE RESULT,Information loss under quotient encodings,NOVELTY CLAIM NOT CENTRAL,audits/a8_1_exact_results/a8_1_theorem.md,https://github.com/DevHabito/precategorical-modal-field-framework/blob/main/audits/a8_1_exact_results/a8_1_theorem.md,"Explicit pair plus complete fiber accounting: 5,234 codes represent 6,942 full structures.",The original representative encoding.,The earlier wording was ambiguous because the implementation discarded SCC membership information.,Calling the discrepancy fabrication or treating all A8 outputs as invalid.,COMBINATORIAL / REPRODUCIBILITY,COMBINATORICS + ERRATUM,KEEP PROMINENTLY AS CORRECTION,P0,IN_REPOSITORY,
MF-R010,Exact n=5 counts,Three distinct equivalence levels at n=5,"For loopless labeled digraphs on five vertices: 6,942 full labeled reachability preorders, 5,234 minimum-representative codes, and 139 unlabeled preorder classes.",A8.1,A8.1 canonical,EXACT_ENUMERATION,EXACT_FINITE_COMPUTATION,ORIGINAL REPRODUCTION / CORRECTIVE ENUMERATION,Finite preorder enumeration,PRIOR COUNTS SHOULD BE CROSS-CHECKED,audits/a8_1_exact_results/a8_1_summary.json,https://github.com/DevHabito/precategorical-modal-field-framework/blob/main/audits/a8_1_exact_results/a8_1_summary.json,All 2^20 loopless labeled digraphs enumerated; independent closed formulas reproduce two labeled counts.,n=5 only.,These exact finite counts distinguish three well-defined quotient levels.,An asymptotic result or a physical prediction.,COMBINATORIAL ONLY,COMBINATORICS,KEEP AS CORE DATA TABLE,P0,IN_REPOSITORY,
MF-R011,Perturbation sensitivity,Single-edge flip changes the n=5 condensation preorder with probability 75/256,"Under the uniform distribution over ordered pairs (G,e), where G is a loopless labeled n=5 digraph and e one of 20 directed non-loop edges, P[C(G) != C(G triangle e)] = 75/256.","A8, A8.1",A8.1 verifies both encodings,EXACT_ENUMERATION,EXACT_FINITE_COMPUTATION,POTENTIALLY ORIGINAL FINITE STATISTIC,Random digraph perturbation and reliability of reachability,DEDICATED NOVELTY SEARCH REQUIRED,audits/a8_1_exact_results/a8_1_summary.json,https://github.com/DevHabito/precategorical-modal-field-framework/blob/main/audits/a8_1_exact_results/a8_1_summary.json,"20,971,520 graph-edge pairs; 6,144,000 changes under both full and representative codes.",Uniform n=5 loopless labeled digraphs and uniform directed edge toggle.,The fraction is exactly 75/256 for the declared finite ensemble.,"A general formula, limiting probability, or universal robustness constant.",COMBINATORIAL ONLY,COMBINATORICS,KEEP AS OPEN-PROBLEM MOTIVATION,P0,IN_REPOSITORY,Define P_n formally and seek a combinatorial decomposition or asymptotic theorem.
MF-R012,Relational clocks,Candidate clocks are monotone on comparable pairs,"Longest-chain depth, down/up balance, and mean linear-extension position increase strictly along comparable elements in the audited condensation posets.",A9,A9 canonical legacy,PROOF/ALGORITHMIC CHECK + EXACT_ENUMERATION,FINITE-CASE VERIFIED; GENERAL PARTS MOSTLY STANDARD,MOSTLY CLASSICAL POSITIVITY/MONOTONICITY,"Poset rank functions, linear extensions, order-preserving maps",CLASSICAL ATTRIBUTION AND GENERAL PROOF REVIEW REQUIRED,audits/a9_exact_results/a9_summary.json,https://github.com/DevHabito/precategorical-modal-field-framework/blob/main/audits/a9_exact_results/a9_summary.json,"All 5,234 representative codes audited.",Finite posets; chosen normalizations.,These functions provide legitimate ordinal coordinates on comparable pairs.,"A unique clock, calibrated time, physical duration, or preferred temporal orientation.",ORDINAL ONLY,COMBINATORICS + FOUNDATIONAL,COMPRESS TO DEFINITIONS AND ONE NONUNIQUENESS RESULT,P1,IN_REPOSITORY,
MF-R013,Clock non-uniqueness,Internal order does not select a unique scalar clock,The audited monotone clock candidates disagree on incomparable elements and differ in injectivity; 10.376457% of nontrivial n=5 codes give identical normalized values for all three.,A9,A9 canonical legacy,EXACT_ENUMERATION + COUNTEREXAMPLES,EXACT_FINITE_COMPUTATION,PROJECT-SPECIFIC FINITE NONUNIQUENESS RESULT,Order-preserving utility representations and poset dimension/rank,NOVELTY SEARCH REQUIRED ONLY FOR THE FINITE STATISTICS,audits/a9_exact_results/a9_summary.json,https://github.com/DevHabito/precategorical-modal-field-framework/blob/main/audits/a9_exact_results/a9_summary.json,"5,233 nontrivial representative codes; exact disagreement statistics.",n=5 and the three specified clock definitions.,The condensation order alone does not choose among these natural scalarizations.,"No scalar clock can ever be defined, or physical time is impossible.",ORDINAL ONLY,COMBINATORICS + FOUNDATIONAL,"KEEP AS FINITE COUNTEREVIDENCE, NOT UNIVERSAL NO-GO",P1,IN_REPOSITORY,
MF-R014,Ordinal durations,Longest-chain duration is highly but not universally additive,"For comparable triples in the n=5 audit, longest-chain duration is additive in 98.9281886% of cases; interval-volume duration is additive in 81.4576635%.",A10,A10 canonical legacy,EXACT_ENUMERATION,EXACT_FINITE_COMPUTATION,ORIGINAL FINITE STATISTICS; DEFINITIONS CLASSICAL,"Poset height, interval cardinality, ranked posets",CLAIM-SPECIFIC SEARCH PENDING,audits/a10_exact_results/a10_summary.json,https://github.com/DevHabito/precategorical-modal-field-framework/blob/main/audits/a10_exact_results/a10_summary.json,All nontrivial n=5 representative codes and comparable triples.,n=5; declared duration candidates.,Longest-chain depth is the strongest audited ordinal duration candidate at this finite size.,"Proper time, a physical metric, exact additivity in general, or continuum scaling.",ORDINAL ONLY,COMBINATORICS + FOUNDATIONAL,KEEP SELECTED NUMBERS IN COMBINATORICS PAPER,P1,IN_REPOSITORY,
MF-R015,Duration coarse-graining,No single multiplicative scale preserves all chain durations in the stated quotient example,"For a<b<c<d coarse-grained by {a,b}|{c}|{d}, fine-to-quotient duration ratios differ (1/2 and 2/3), so one multiplicative scale cannot preserve both.",A10,A10 canonical legacy,CONSTRUCTIVE_COUNTEREXAMPLE,PROVED,ELEMENTARY PROJECT-SPECIFIC COUNTEREXAMPLE,Coarse-graining of path length and quotient metrics,NOVELTY CLAIM NOT NEEDED,audits/a10_exact_results/a10_summary.json,https://github.com/DevHabito/precategorical-modal-field-framework/blob/main/audits/a10_exact_results/a10_summary.json,Exact four-element witness.,Longest-chain duration and the specified partition.,Naive quotienting does not preserve all ordinal durations by a single scale factor.,A universal impossibility for every possible duration coarse-graining.,ORDINAL / COARSE-GRAINING,FOUNDATIONAL,KEEP AS ILLUSTRATIVE COUNTEREXAMPLE,P2,IN_REPOSITORY,
MF-R016,Interval statistics,Broad interval-feature classifier did not satisfy all confirmatory gates,A broad learned classifier separated some synthetic ensembles but failed dimension-specific and finite-sample gates.,A11,A11 historical failed stage,MONTE_CARLO + MACHINE_LEARNING_PROTOCOL,FAILED_PROTOCOL,NO THEOREM OR NOVELTY CLAIM,Causal-set dimension estimators and interval abundance statistics,PRIOR LITERATURE REQUIRED FOR FEATURES,audits/a11_exact_results/a11_summary.json,https://github.com/DevHabito/precategorical-modal-field-framework/blob/main/audits/a11_exact_results/a11_summary.json,Seeded train/test protocol with failed G4 and G6.,"Declared synthetic generators, finite sizes, learned classifier.",The broad protocol was insufficient under its frozen gates.,Evidence for or against manifold emergence in nature.,MODEL-DIAGNOSTIC ONLY,SUPPLEMENT_ONLY,REMOVE FROM MAIN TEXT; RETAIN AS PROVENANCE,P3,IN_REPOSITORY,
MF-R017,Targeted synthetic discrimination,Selected interval features discriminate 2D sprinklings from selected nulls,"Under the frozen A12 generators and matching rules, the targeted classifier passed all eight gates at n=96 and n=128.",A12,A12 canonical,MONTE_CARLO + CLASSIFIER,COMPUTATIONALLY DEMONSTRATED,PROJECT-SPECIFIC NUMERICAL RESULT,Causal-set interval abundance and dimension diagnostics,METHODS LITERATURE REVIEW REQUIRED,audits/a12_exact_results/a12_summary.json,https://github.com/DevHabito/precategorical-modal-field-framework/blob/main/audits/a12_exact_results/a12_summary.json,8/8 gates; seeded paired synthetic evaluations.,Only the selected 2D and null ensembles at the tested sizes.,The feature family has targeted discriminatory power for these models.,A necessary or sufficient test for manifold-likeness.,SYNTHETIC MODEL DIAGNOSTIC,SUPPLEMENT_ONLY,SUMMARIZE BRIEFLY OR OMIT FROM FOUNDATIONAL PAPER,P3,IN_REPOSITORY,
MF-R018,Analytic interval signature,A scalar analytic interval signature failed selected null rejection,The A13 analytic discrepancy accepted 2D holdouts but did not reject transitive percolation at the required rate and failed an adversarial matching gate.,A13,A13 canonical failure,ANALYTIC_FORMULA + MONTE_CARLO,FAILED_PROTOCOL,NO NOVELTY CLAIM BEYOND DOCUMENTED FAILURE,Causal-set interval abundance formulas,CLASSICAL FORMULA ATTRIBUTION REQUIRED,audits/a13_exact_results/a13_summary.json,https://github.com/DevHabito/precategorical-modal-field-framework/blob/main/audits/a13_exact_results/a13_summary.json,7/9 gates; exact normalization and Monte Carlo validation passed.,Declared reference and null generators.,The tested scalar signature is insufficient.,A general impossibility theorem for analytic signatures.,SYNTHETIC MODEL DIAGNOSTIC,SUPPLEMENT_ONLY,MOVE TO FAILURE HISTORY,P3,IN_REPOSITORY,
MF-R019,Covariance-aware interval signature,A covariance-aware multivariate signature passed its targeted model checks,A Mahalanobis-type interval signature calibrated only on reference samples passed all nine A14 gates against selected nulls.,A14,A14 canonical but insufficient after A15,MONTE_CARLO MODEL CHECK,COMPUTATIONALLY DEMONSTRATED,PROJECT-SPECIFIC NUMERICAL RESULT,Multivariate goodness-of-fit and causal-set interval statistics,METHODS LITERATURE REVIEW REQUIRED,audits/a14_exact_results/a14_summary.json,https://github.com/DevHabito/precategorical-modal-field-framework/blob/main/audits/a14_exact_results/a14_summary.json,9/9 frozen gates across declared sizes and nulls.,Finite synthetic ensembles; selected bins and covariance estimator.,The signature is a useful necessary model check against those nulls.,A sufficient certificate of 2D embeddability or manifold-likeness.,SYNTHETIC MODEL DIAGNOSTIC,SUPPLEMENT_ONLY,PRESENT ONLY TO MOTIVATE THE COUNTEREXAMPLE,P3,IN_REPOSITORY,
MF-R020,Certified obstruction,Global interval statistics can accept orders with local non-2D obstructions,A15 inserts certified S3-type obstruction gadgets into transitive orders and finds prospective false positives for the A14 global signature.,A15,A15 canonical,CONSTRUCTIVE_COUNTEREXAMPLE + MONTE_CARLO SEARCH,COMPUTATIONALLY CERTIFIED COUNTEREXAMPLE FAMILY,PROJECT-SPECIFIC COUNTEREXAMPLE; CONSTRUCTION MAY BE ORIGINAL,Order dimension; forbidden subposets; causal-set manifold-likeness tests,DEDICATED NOVELTY SEARCH REQUIRED,audits/a15_exact_results/a15_summary.json,https://github.com/DevHabito/precategorical-modal-field-framework/blob/main/audits/a15_exact_results/a15_summary.json,"Prospective confirmation and obstruction certificates; 7/8 gates, with density matching intentionally not always met.",Specific gadget construction and global signature.,Passing the global interval statistic is not sufficient for local 2D order structure.,A complete forbidden-suborder characterization of manifold-likeness.,SYNTHETIC STRUCTURAL COUNTEREXAMPLE,FOUNDATIONAL METHODS / SUPPLEMENT,KEEP AS THE MAIN LESSON OF A12-A17,P2,IN_REPOSITORY,
MF-R021,Local-global diagnostics,Local and global checks still admitted clustered exact 2D counterexamples,The A16 complementarity protocol detected several planted defects but failed to reject the bimodal exact-2D family under its target gate.,A16,A16 canonical failure,MONTE_CARLO PROTOCOL,FAILED_PROTOCOL,NO GENERAL NOVELTY CLAIM,Local versus global goodness-of-fit diagnostics,METHODS SEARCH OPTIONAL,audits/a16_exact_results/a16_summary.json,https://github.com/DevHabito/precategorical-modal-field-framework/blob/main/audits/a16_exact_results/a16_summary.json,9/10 gates; targeted bimodal rejection failed.,Specified local channels and synthetic families.,Adding local checks did not solve the selected global-signature ambiguity.,That local diagnostics can never complement global statistics.,SYNTHETIC MODEL DIAGNOSTIC,SUPPLEMENT_ONLY,REMOVE FROM MAIN TEXT; RETAIN AS DEVELOPMENT HISTORY,P3,IN_REPOSITORY,
MF-R022,Multiscale diagnostics,Multiscale self-similarity detects some heterogeneous regimes but not compact clustering,A17 rejected the opposing-diagonal regime but accepted most bimodal and four-corner exact 2D challenges.,A17,A17 canonical failure,MONTE_CARLO PROTOCOL,FAILED / PARTIAL NUMERICAL RESULT,PROJECT-SPECIFIC NUMERICAL FINDING,Multiscale goodness-of-fit and self-similarity tests,METHODS SEARCH OPTIONAL,audits/a17_exact_results/a17_summary.json,https://github.com/DevHabito/precategorical-modal-field-framework/blob/main/audits/a17_exact_results/a17_summary.json,6/9 gates; challenge families were exact 2D orders.,"Declared scales, calibration, and synthetic families.",The tested multiscale statistic is sensitive to some regime heterogeneity but not to all compact mixtures.,A universal multiscale no-go.,SYNTHETIC MODEL DIAGNOSTIC,SUPPLEMENT_ONLY,"KEEP AS NEGATIVE METHOD RESULT, NOT CORE THEORY",P3,IN_REPOSITORY,
MF-R023,Order-measure identifiability,Strict coordinatewise monotone transforms preserve product order,"For latent coordinates x,y, replacing each coordinate by a strictly increasing function leaves every pairwise product-order comparison unchanged.",A18.2,A18.2 canonical,CLASSICAL_IDENTITY + SOFTWARE_REGRESSION,PROVED / DEFINITIONAL,"CLASSICAL; ATTRIBUTE, DO NOT CLAIM NUMERICAL VALIDATION AS EVIDENCE",Order isomorphisms; probability integral transform,CLASSICAL ATTRIBUTION REQUIRED,audits/a18_2_exact_results/a18_summary.json,https://github.com/DevHabito/precategorical-modal-field-framework/blob/main/audits/a18_2_exact_results/a18_summary.json,270 paired transforms verified implementation invariance.,Strictly increasing coordinate transforms.,Order-only data are invariant under monotone recalibration of latent marginals.,A new theorem established by 270 simulations.,IDENTIFIABILITY RESULT,FOUNDATIONAL,REPLACE AUDIT EMPHASIS WITH A SHORT PROOF,P0,IN_REPOSITORY,
MF-R024,Copula identifiability,"The induced order law depends on the copula, not continuous marginals","For fixed copula C, continuous strictly increasing marginal changes leave the ensemble law of the induced coordinatewise order unchanged.",A19,A19 canonical,DIRECT_COROLLARY OF SKLAR,PROVED,CLASSICAL COROLLARY APPLIED TO PREGEOMETRY,Sklar's theorem and copula invariance,CLASSICAL ATTRIBUTION REQUIRED,audits/a19_exact_results/a19_theorem.md,https://github.com/DevHabito/precategorical-modal-field-framework/blob/main/audits/a19_exact_results/a19_theorem.md,Seeded ensemble checks support implementation only.,Continuous marginals and fixed copula.,Order observations cannot identify latent marginal scales within a fixed copula class.,A new copula theorem or recovery of spacetime measure from order alone.,IDENTIFIABILITY RESULT,FOUNDATIONAL,KEEP AS CLASSICAL PILLAR WITH CLEAR ATTRIBUTION,P0,IN_REPOSITORY,
MF-R025,Order-only no-go,No deterministic order-only estimator can distinguish monotone-equivalent latent models,"If two latent models induce the same finite relation matrix, every deterministic function of that matrix and its relabel-invariant observables gives the same output.","A18.2, A19",A18.2/A19 canonical,IDENTIFIABILITY_THEOREM,PROVED,DIRECT INFORMATION-THEORETIC COROLLARY; FRAMEWORK APPLICATION,Statistical identifiability and invariance,NOVELTY CLAIM SHOULD BE MODEST,audits/a18_2_exact_results/a18_summary.json,https://github.com/DevHabito/precategorical-modal-field-framework/blob/main/audits/a18_2_exact_results/a18_summary.json,Exact paired constructions and implementation checks.,Estimator receives only the relation/order object.,Additional non-order information is necessary to identify latent marginal quantities.,That every physically relevant measure is forever unrecoverable from any enriched relational model.,FOUNDATIONAL NO-GO,FOUNDATIONAL,"KEEP AS CENTRAL, BUT LABEL AS IDENTIFIABILITY COROLLARY",P0,IN_REPOSITORY,
MF-R026,Endogenous symmetry breaking,Equivariant endogenous dynamics preserve observational equivalence,"If two initial states are related by a symmetry and the complete update law and noise coupling are equivariant, their trajectories remain symmetry-related and invariant observables remain equal.","A20, A21",A21 canonical,EQUIVARIANCE_THEOREM,PROVED UNDER STATED ASSUMPTIONS,LIKELY STANDARD GROUP-EQUIVARIANCE PRINCIPLE; PROJECT APPLICATION,Equivariant dynamical systems and coupling arguments,DEDICATED NOVELTY SEARCH REQUIRED; EXPECT CLASSICAL,audits/a21_exact_results/a21_theorem.md,https://github.com/DevHabito/precategorical-modal-field-framework/blob/main/audits/a21_exact_results/a21_theorem.md,Seeded trajectory pairs and gate tests.,"Full state, update, initialization, and noise law respect the same transformation.",Purely endogenous equivariant evolution cannot break the targeted order-preserving symmetry.,"That dynamics can never break symmetry when stochastic laws, boundary conditions, or new primitives are non-equivariant.",FOUNDATIONAL NO-GO,FOUNDATIONAL,KEEP AS CONDITIONAL THEOREM WITH GROUP-THEORY ATTRIBUTION,P1,IN_REPOSITORY,
MF-R027,External calibration witness,A calibrated non-invariant mark can break order degeneracy,A binary mark defined by a fixed external threshold distinguishes monotone-equivalent latent representations when the threshold is not transformed covariantly.,A22,A22 canonical,CONSTRUCTIVE_WITNESS,PROVED BY CONSTRUCTION,ELEMENTARY / PROJECT-SPECIFIC,Ancillary statistics and symmetry-breaking reference structures,NOVELTY CLAIM NOT NEEDED,audits/a22_exact_results/a22_theorem.md,https://github.com/DevHabito/precategorical-modal-field-framework/blob/main/audits/a22_exact_results/a22_theorem.md,Synthetic witnesses and admissibility gates.,The mark is genuinely calibrated and independent of the order-only data.,Additional calibrated structure can break the degeneracy.,That the required calibration has been physically derived.,FOUNDATIONAL WITNESS,FOUNDATIONAL,KEEP TO CLARIFY WHAT INFORMATION IS MISSING,P1,IN_REPOSITORY,
MF-R028,Relative quantitative field,An independent q field can evade the order-only identifiability limit,"If q contains cardinal contrasts not measurable from the order, q differences can distinguish states that the order alone identifies.",A23,A23 canonical,CONDITIONAL_PROPOSITION,PROVED CONDITIONALLY,FRAMEWORK-SPECIFIC CONSEQUENCE,Marked relational structures and gauge fields,"NOVELTY SEARCH REQUIRED FOR FORMULATION, NOT BASIC LOGIC",audits/a23_exact_results/a23_theorem.md,https://github.com/DevHabito/precategorical-modal-field-framework/blob/main/audits/a23_exact_results/a23_theorem.md,Constructed paired states and gauge tests.,"q is an additional primitive, not secretly computed from the order.",q can supply relative quantitative information absent from order.,That the physical origin or empirical meaning of q has been derived.,FOUNDATIONAL PRIMITIVE,FOUNDATIONAL,KEEP AS CORE DEFINITIONAL STEP,P0,IN_REPOSITORY,
MF-R029,q gauge,Global q offset is unobservable under contrast-only constructions,q_i -> q_i + c leaves centered contrasts and suitably normalized q-shape observables unchanged.,A23,A23 canonical,DIRECT_COROLLARY FROM DEFINITIONS,PROVED,DEFINITIONAL; NO NOVELTY CLAIM,Gauge redundancy and affine reparameterization,ATTRIBUTION OPTIONAL; DEFINE PRECISELY,audits/a23_exact_results/a23_theorem.md,https://github.com/DevHabito/precategorical-modal-field-framework/blob/main/audits/a23_exact_results/a23_theorem.md,Exact numerical gauge tests.,Only contrast- or normalized-q observables are admitted.,The current construction determines q only up to a global offset.,"A deep independent no-go, or proof that nature has this gauge.",FOUNDATIONAL GAUGE CONTRACT,FOUNDATIONAL,"STATE AS CONTRACT, NOT DISCOVERY",P0,IN_REPOSITORY,
MF-R030,Effective path cost,D_eff scales covariantly and normalized D_hat is gauge invariant,"For edge costs ell_ij = exp(q_ij), q -> q+c gives D_eff -> exp(c) D_eff, while a homogeneous normalization removes the global factor.",A23 and legacy RZS scale-gauge track,A23 plus legacy v10.9,EXACT_IDENTITY,PROVED,ELEMENTARY CONSEQUENCE OF EXPONENTIAL EDGE COSTS,Shortest paths and conformal/global scale transformations,NOVELTY CLAIM NOT NEEDED,audits/a23_exact_results/a23_theorem.md,https://github.com/DevHabito/precategorical-modal-field-framework/blob/main/audits/a23_exact_results/a23_theorem.md,Scale-gauge tests in the RZS track and A23.,Positive exponential edge costs and homogeneous normalization.,D_eff is a computational round-trip relational cost defined up to global scale.,"Physical distance, a Lorentzian metric, calibrated length, or spacetime geometry.",COMPUTATIONAL GEOMETRY ONLY,FOUNDATIONAL,KEEP WITH STRONG TERMINOLOGY CONTROL,P0,IN_REPOSITORY,
MF-R031,Operational q kernel,Exponential transition log-odds encode q contrasts,"For P(i->j) proportional to A_ij exp(-beta q_ij), log[P(i->j)/P(i->k)] = log(A_ij/A_ik) - beta(q_ij-q_ik) when both alternatives are allowed.",A24.1,A24.1 canonical,EXACT_IDENTITY + SYNTHETIC RECOVERY,PROVED FOR DECLARED KERNEL,CLASSICAL MULTINOMIAL-LOGIT IDENTITY APPLIED TO q,"Multinomial logit, Boltzmann/softmax kernels",CLASSICAL ATTRIBUTION REQUIRED,audits/a24_1_exact_results/a24_theorem.md,https://github.com/DevHabito/precategorical-modal-field-framework/blob/main/audits/a24_1_exact_results/a24_theorem.md,Corrected recovery and operational gates.,Kernel form and calibrated beta are supplied.,The exponential kernel makes q contrasts operational in transition odds.,That the kernel or beta follows from the RZS primitives.,"OPERATIONAL MODEL, NOT PHYSICAL LAW",FOUNDATIONAL,KEEP AS CANDIDATE MODEL WITH CLASSICAL ATTRIBUTION,P0,IN_REPOSITORY,
MF-R032,Scale degeneracy,Raw q scale and exponential strength are jointly degenerate,"The product beta(q_j-q_k) is invariant under q -> s q and beta -> beta/s, so raw-score data do not separately identify q scale and beta.","A24.1, A27",A27 canonical,EXACT_IDENTIFIABILITY_ARGUMENT,PROVED,STANDARD PARAMETERIZATION DEGENERACY,Scale non-identifiability in generalized linear choice models,CLASSICAL ATTRIBUTION / STATISTICAL IDENTIFIABILITY SEARCH REQUIRED,audits/a27_exact_results/a27_theorem.md,https://github.com/DevHabito/precategorical-modal-field-framework/blob/main/audits/a27_exact_results/a27_theorem.md,Synthetic parameter-recovery experiments.,Unstandardized q and exponential kernel.,Only the product of raw-score scale and coupling strength is identifiable without calibration.,That lambda is always pure gauge after any normalization.,MODEL IDENTIFIABILITY,FOUNDATIONAL,KEEP AS SHORT IDENTIFIABILITY LEMMA,P1,IN_REPOSITORY,
MF-R033,Kernel underdetermination,Scale-free standardized q scores admit infinitely many local kernels,"If z is a locally standardized q score, any positive admissible function f can define P_j proportional to f(z_j), so locality and affine invariance do not select a unique transition law.",A25,A25 canonical,CONSTRUCTIVE_FAMILY,PROVED BY EXPLICIT INFINITE FAMILY,LIKELY ELEMENTARY UNDERDETERMINATION; PROJECT APPLICATION,Choice models and invariant score transformations,NOVELTY CLAIM SHOULD BE MODEST,audits/a25_exact_results/a25_theorem.md,https://github.com/DevHabito/precategorical-modal-field-framework/blob/main/audits/a25_exact_results/a25_theorem.md,Thirty constructed observable/kernel combinations.,"Specified local standardization, relabel equivariance, and positivity.",The audited symmetry and locality principles leave the kernel law underdetermined.,That no additional axiom can select a law.,FOUNDATIONAL UNDERDETERMINATION,FOUNDATIONAL,KEEP AS SETUP FOR LUCE/IIA RESULT,P1,IN_REPOSITORY,
MF-R034,Exponential-family selection,Difference-based odds and IIA select an exponential score family,"If pairwise odds are context-independent and depend continuously on score differences through a multiplicative composition law, the positive solution is f(z)=C exp(-lambda z), with lambda free.",A26,A26 canonical,FUNCTIONAL_EQUATION,PROVED UNDER REGULARITY ASSUMPTIONS,CLASSICAL LUCE / CAUCHY RESULT; ATTRIBUTE,"Luce choice axiom, IIA, multinomial logit, exponential Cauchy equation",CLASSICAL ATTRIBUTION REQUIRED,audits/a26_exact_results/a26_theorem.md,https://github.com/DevHabito/precategorical-modal-field-framework/blob/main/audits/a26_exact_results/a26_theorem.md,Functional self-tests and alternative-principle audits.,"Continuity/regularity, positivity, difference dependence, multiplicative odds composition.",These axioms narrow the family to exponentials but do not fix lambda.,A wholly new derivation of multinomial logit or proof that nature obeys IIA.,FOUNDATIONAL MODEL SELECTION,FOUNDATIONAL,REWRITE AS CLASSICAL THEOREM WITH PROJECT-SPECIFIC CONSEQUENCE,P0,IN_REPOSITORY,
MF-R035,Status of lambda,"After local standardization, lambda is an identifiable dimensionless model parameter but remains underived",Standardizing q removes raw affine scale freedom; distinct lambda values then produce observationally distinct kernels and can be estimated from synthetic data.,A27,A27 canonical,IDENTIFIABILITY_PROPOSITION + MONTE_CARLO,CONDITIONAL / COMPUTATIONALLY SUPPORTED,PROJECT-SPECIFIC MODEL-STATUS RESULT,Identifiability in discrete-choice models,DEDICATED STATISTICAL LITERATURE SEARCH REQUIRED,audits/a27_exact_results/a27_theorem.md,https://github.com/DevHabito/precategorical-modal-field-framework/blob/main/audits/a27_exact_results/a27_theorem.md,Synthetic recovery RMSE and model comparisons.,"Correct kernel family, sufficient data, chosen standardization, no misspecification.",lambda is not removable after standardization and must be estimated or derived separately.,A fundamental constant or a value predicted by the current theory.,"MODEL PARAMETER, NOT DERIVED CONSTANT",FOUNDATIONAL,KEEP AS STATUS RESULT; MOVE RMSE DETAILS TO SUPPLEMENT,P1,IN_REPOSITORY,
MF-R036,Context-scale incompatibility,No nontrivial continuous cardinal score satisfies both extension stability and full positive-affine invariance,"Under the A28 definitions, invariance under all q -> a q+b with a>0 and stability under arbitrary context extension force a continuous cardinal score to be trivial.",A28,A28 canonical,NO_GO_THEOREM,PROVED,POTENTIALLY ORIGINAL FORMULATION; HIGH-PRIORITY NOVELTY SEARCH,"Measurement invariance, functional equations, context effects in choice theory",DEDICATED NOVELTY SEARCH REQUIRED,audits/a28_exact_results/a28_theorem.md,https://github.com/DevHabito/precategorical-modal-field-framework/blob/main/audits/a28_exact_results/a28_theorem.md,Exact witness tests and frozen gates support the proof implementation.,"The precise continuity, invariance, and extension-stability axioms stated in A28.",The three audited requirements are jointly incompatible for a nontrivial cardinal score.,"No meaningful score can ever be defined, or the theorem applies outside its explicit axioms.",FOUNDATIONAL NO-GO,FOUNDATIONAL,PROMOTE TO A CENTRAL THEOREM AFTER LITERATURE REVIEW,P0,IN_REPOSITORY,"Conduct a focused search in measurement theory, quasi-arithmetic means, and context-independent choice."
MF-R037,Refinement with base measure,Additive base measure restores exact clone/refinement invariance for weighted messages,Replacing listing counts by additive masses mu and aggregating weighted sufficient statistics makes exact splitting of a state into same-q children representation-invariant.,A29.1,A29.1 canonical failure-with-partial-result,EXACT_IDENTITY + COMPUTATIONAL_TEST,PROVED AWAY FROM SINGULAR BOUNDARY,LIKELY STANDARD WEIGHTED-MEASURE COROLLARY,Measure-preserving refinement and sufficient statistics,CLASSICAL ATTRIBUTION / NOVELTY SEARCH REQUIRED,audits/a29_1_exact_results/a29_theorem.md,https://github.com/DevHabito/precategorical-modal-field-framework/blob/main/audits/a29_1_exact_results/a29_theorem.md,Exact refinement tests; overall protocol remains FAIL because of nondegeneracy boundary.,Positive additive masses and well-defined weighted context statistics.,Base-measure weighting removes naive clone-count dependence.,That the origin or physical semantics of mu are derived.,FOUNDATIONAL MEASURE CONTRACT,FOUNDATIONAL,KEEP POSITIVE IDENTITY; REPORT OVERALL FAILURE HONESTLY,P1,IN_REPOSITORY,
MF-R038,Refinement boundary,Weighted standardization is singular at zero variance and not uniformly stable near vanishing mass,"When weighted q variance is zero, z-scores are undefined; arbitrarily small-mass refinements can create unstable standardized coordinates near that boundary.",A29.1,A29.1 canonical,CONSTRUCTIVE_COUNTEREXAMPLE + LIMIT_ANALYSIS,PROVED / DEMONSTRATED,PROJECT-SPECIFIC BOUNDARY OBSTRUCTION,Instability of normalized statistics near degenerate variance,NOVELTY SEARCH OPTIONAL,audits/a29_1_exact_results/a29_theorem.md,https://github.com/DevHabito/precategorical-modal-field-framework/blob/main/audits/a29_1_exact_results/a29_theorem.md,Boundary and near-boundary numerical witnesses.,Weighted z-score construction.,The proposed standardized message needs an explicit nondegeneracy domain or a different boundary treatment.,That all weighted coarse-graining is unstable.,MATHEMATICAL BOUNDARY CONDITION,FOUNDATIONAL,KEEP AS TECHNICAL LIMIT OR APPENDIX RESULT,P2,IN_REPOSITORY,
MF-R039,Multiplicity semantics,Relation plus q cannot distinguish descriptive clones from ontically distinct copies,Two refined structures can be isomorphic as relation-plus-q marked objects while differing only in the intended interpretation of repeated states; invariant observables cannot recover that semantic distinction.,A30,A30 canonical,SEMANTIC_IDENTIFIABILITY_NO_GO,PROVED UNDER REPRESENTATIONAL ASSUMPTIONS,POTENTIALLY ORIGINAL FRAMEWORK FORMULATION; BASIC LOGIC IS GENERAL,"Indiscernibility, quotient representations, multiplicity measures",PHILOSOPHY/MATHEMATICS LITERATURE REVIEW REQUIRED,audits/a30_exact_results/a30_theorem.md,https://github.com/DevHabito/precategorical-modal-field-framework/blob/main/audits/a30_exact_results/a30_theorem.md,Clone constructions and failed order/q-derived candidate measures.,"No external multiplicity labels, transport history, or base mass supplied.",An additional refinement/multiplicity semantics is required to distinguish the two interpretations.,Proof that copies can never be physically distinguished by any enriched future theory.,FOUNDATIONAL ONTOLOGY / IDENTIFIABILITY,FOUNDATIONAL,KEEP AS CORE MOTIVATION FOR mu,P0,IN_REPOSITORY,
MF-R040,Finite additive measure,Positive leaf weights have a unique additive extension on a finite refinement tree,"Given positive terminal weights w_l, mu(A)=sum_{l descendant of A} w_l is the unique finitely additive extension consistent with those leaf weights and is independent of refinement order.",A31,A31 canonical,FINITE_MEASURE_THEOREM + EXACT_TESTS,PROVED,CLASSICAL FINITE ADDITIVITY RESULT; PROJECT APPLICATION,Measures on finite trees and hierarchical aggregation,CLASSICAL ATTRIBUTION / NOVELTY CLAIM NOT NEEDED,audits/a31_exact_results/a31_theorem.md,https://github.com/DevHabito/precategorical-modal-field-framework/blob/main/audits/a31_exact_results/a31_theorem.md,"2,500 trees, multiple merge orders, commutation and dynamic splitting tests.",Finite rooted refinement tree and supplied terminal weights.,"Once leaf weights are supplied, additive mass is path-independent and uniquely determined.",That terminal leaves or their weights are physically selected.,FOUNDATIONAL MEASURE CONSTRUCTION,FOUNDATIONAL,"RECAST AS LEMMA, MOVE LARGE TEST TABLES TO REPOSITORY",P1,IN_REPOSITORY,
MF-R041,Infinite refinement,Consistent finite-branching refinements define a projective measure without terminal leaves,A consistent family of cylinder probabilities on an infinite finitely branching refinement tree extends to a measure on infinite paths.,A32,A32 canonical,CLASSICAL_EXTENSION_THEOREM + EXAMPLES,PROVED VIA STANDARD THEOREM,CLASSICAL KOLMOGOROV/DANIELL EXTENSION APPLICATION,Kolmogorov extension theorem and probability on trees,CLASSICAL ATTRIBUTION REQUIRED,audits/a32_exact_results/a32_theorem.md,https://github.com/DevHabito/precategorical-modal-field-framework/blob/main/audits/a32_exact_results/a32_theorem.md,Constructed atomic and non-atomic examples; numerical martingale checks.,Projective consistency and regular measurable state spaces.,Terminal ontology is not mathematically required for a projective measure.,A new extension theorem or proof that physical reality is infinitely divisible.,FOUNDATIONAL MATHEMATICS,FOUNDATIONAL,"KEEP AS CLASSICAL PILLAR, NOT NEW THEOREM",P0,IN_REPOSITORY,
MF-R042,Atomicity versus terminality,Atomicity and terminality are logically distinct,An infinite nonterminal branch can retain positive atom mass; conversely a terminal-free refinement with uniformly shrinking cylinder masses can be non-atomic.,A32,A32 canonical,CONSTRUCTIVE_EXAMPLES,PROVED,CLEAN FRAMEWORK-SPECIFIC ILLUSTRATION OF CLASSICAL DISTINCTION,Atoms in product measures and measures on trees,NOVELTY CLAIM NOT CENTRAL,audits/a32_exact_results/a32_theorem.md,https://github.com/DevHabito/precategorical-modal-field-framework/blob/main/audits/a32_exact_results/a32_theorem.md,Telescoping product example converging exactly to 1/2 and non-atomic bounded-branching example.,Declared branch probabilities.,Terminal nodes and measure atoms must not be identified.,A classification of all refinement measures.,FOUNDATIONAL CLARIFICATION,FOUNDATIONAL,KEEP AS A STRONG EXAMPLE,P1,IN_REPOSITORY,
MF-R043,Projective branch fractions,Exact regrouping consistency gives conditional ratios of additive weights,"If positive subtree weights add under partitions, the consistent branch fraction is p(B|A)=W(B)/W(A).",A33,A33 canonical,MEASURE-THEORETIC IDENTITY,PROVED,CLASSICAL CONDITIONAL-PROBABILITY STRUCTURE,Conditional probability from finite additive measures,CLASSICAL ATTRIBUTION REQUIRED,audits/a33_exact_results/a33_theorem.md,https://github.com/DevHabito/precategorical-modal-field-framework/blob/main/audits/a33_exact_results/a33_theorem.md,"2,200 configurations and multiple regrouping trees; exact errors near machine precision.",Positive additive subtree weights.,Projective regrouping selects the ratio architecture once W is given.,That projectivity selects the terminal weights or their physical origin.,FOUNDATIONAL MEASURE CONTRACT,FOUNDATIONAL,STATE AS CONDITIONAL-MEASURE LEMMA,P0,IN_REPOSITORY,
MF-R044,Partition-sum weights,W_lambda(B)=sum mu_l exp(-lambda q_l) is exactly projective and gauge covariant,"The partition sum is additive over disjoint descendants, obeys exact recursive aggregation, and under q->q+c scales by exp(-lambda c), leaving normalized branch fractions invariant.",A33,A33 canonical,EXACT_IDENTITY + ENUMERATIVE TEST,PROVED,CLASSICAL LOG-SUM-EXP / PARTITION-FUNCTION ALGEBRA APPLIED TO FRAMEWORK,Partition functions and additive measures,NOVELTY CLAIM SHOULD BE MODEST,audits/a33_exact_results/a33_theorem.md,https://github.com/DevHabito/precategorical-modal-field-framework/blob/main/audits/a33_exact_results/a33_theorem.md,Maximum regrouping TV about 3.3e-16; gauge and message recursion tests.,"Supplied mu, q, and lambda.",This weight is an exact static projective message for the chosen exponential law.,"Thermodynamic energy, physical temperature, or a derived fundamental law.",STATIC OPERATIONAL CONSTRUCTION,FOUNDATIONAL,KEEP AS BRIDGE TO Q_lambda,P0,IN_REPOSITORY,
MF-R045,Weight underdetermination,Projectivity does not determine terminal weights or their ontology,Distinct positive terminal-weight assignments satisfy the same ratio and regrouping laws but induce different branch probabilities.,A31-A33,A33 canonical synthesis,CONSTRUCTIVE_UNDERDETERMINATION,PROVED BY COUNTERFAMILY,GENERAL MEASURE-THEORETIC FACT / FRAMEWORK CONSEQUENCE,Underdetermination of measures by consistency axioms,NOVELTY CLAIM NOT CENTRAL,audits/a33_exact_results/a33_summary.json,https://github.com/DevHabito/precategorical-modal-field-framework/blob/main/audits/a33_exact_results/a33_summary.json,Alternative weight systems show median total-variation separation around 0.399 in the A33 ensemble.,Projective architecture fixed; terminal weights free.,"Consistency constrains how weights combine, not which weights nature uses.",That no physical or statistical principle could determine weights.,FOUNDATIONAL UNDERDETERMINATION,FOUNDATIONAL,KEEP AS CENTRAL LIMIT,P1,IN_REPOSITORY,
MF-R046,Effective score,Q_lambda is statically associative,Q_lambda(B)=-(1/lambda) log[(sum_i mu_i exp(-lambda q_i))/(sum_i mu_i)] gives the same result under direct or hierarchical aggregation when each block passes total mass and Q_lambda.,A34,A34 canonical,EXACT_IDENTITY,PROVED,CLASSICAL QUASI-ARITHMETIC / LOG-SUM-EXP PROPERTY,Kolmogorov-Nagumo means and log-sum-exp aggregation,CLASSICAL ATTRIBUTION REQUIRED,audits/a34_exact_results/a34_theorem.md,https://github.com/DevHabito/precategorical-modal-field-framework/blob/main/audits/a34_exact_results/a34_theorem.md,Associativity error <=7.1e-14 across the A34 ensemble.,Positive masses and fixed lambda.,Q_lambda is an exact static sufficient score for the corresponding partition sum.,A unique coarse-graining variable for every observable or a thermodynamic state variable.,STATIC OPERATIONAL CONSTRUCTION,FOUNDATIONAL,"KEEP, BUT ATTRIBUTE QUASI-ARITHMETIC STRUCTURE",P0,IN_REPOSITORY,
MF-R047,Affine covariance of Q,Q_lambda(aq+c)=c+a Q_{a lambda}(q),"For a>0 and any offset c, the effective score transforms by Q_lambda(aq+c)=c+a Q_{a lambda}(q).",A34,A34 canonical,EXACT_IDENTITY,PROVED ALGEBRAICALLY,POTENTIALLY ORIGINAL EMPHASIS; ALGEBRA ITSELF ELEMENTARY,Log moment-generating functions and entropic risk measures,DEDICATED NOVELTY SEARCH REQUIRED,audits/a34_exact_results/a34_theorem.md,https://github.com/DevHabito/precategorical-modal-field-framework/blob/main/audits/a34_exact_results/a34_theorem.md,Maximum numerical identity error 2.66e-15.,Fixed positive masses; finite partition sum.,The scale transformation changes the effective lambda and therefore couples score scale to the parameter.,A physical renormalization-group law.,MATHEMATICAL IDENTITY,FOUNDATIONAL,KEEP AS CORE IDENTITY,P0,IN_REPOSITORY,
MF-R048,Dynamic contraction identity,Q'_lambda=(1-a) q_bar + a Q_{a lambda},"Under the centered affine contraction q'_i=(1-a) q_bar + a q_i, the effective score obeys Q'_lambda=(1-a) q_bar+a Q_{a lambda}(q).",A34,A34 canonical,EXACT_DYNAMIC_IDENTITY,PROVED,POTENTIALLY ORIGINAL AND TECHNICALLY STRONG; NOVELTY SEARCH REQUIRED,Log-Laplace transforms under affine maps; entropic risk measures,HIGH-PRIORITY DEDICATED NOVELTY SEARCH,audits/a34_exact_results/a34_theorem.md,https://github.com/DevHabito/precategorical-modal-field-framework/blob/main/audits/a34_exact_results/a34_theorem.md,Exact numerical verification to 5.6e-17.,Declared centered affine contraction; no general nonlinear dynamics.,The contraction transports the whole Q(lambda) curve by rescaling lambda.,A fundamental physical evolution equation or closure of the full RZS dynamics.,MODEL-SPECIFIC EXACT IDENTITY,FOUNDATIONAL,PROMOTE TO CENTRAL PROPOSITION AFTER LITERATURE REVIEW,P0,IN_REPOSITORY,
MF-R049,Dynamic non-closure,A single Q_lambda is not generally a dynamically closed state variable,"Distinct microdistributions can have the same mass, mean, and Q_lambda at one lambda but produce different future Q_lambda under the same contraction.",A34,A34 canonical,CONSTRUCTIVE_COUNTEREXAMPLE + EXACT_IDENTITY,PROVED,POTENTIALLY ORIGINAL FRAMEWORK CONSEQUENCE,"Moment problems, sufficient statistics, closure of log-Laplace transforms",DEDICATED NOVELTY SEARCH REQUIRED,audits/a34_exact_results/a34_theorem.md,https://github.com/DevHabito/precategorical-modal-field-framework/blob/main/audits/a34_exact_results/a34_theorem.md,Matched-state witnesses; minimum future difference 0.007059 and broader ensemble differences.,General non-Gaussian microdistributions; specified contraction.,One point of the Q curve is insufficient for exact dynamics in general.,No finite-dimensional closure can exist under any restricted distribution family.,DYNAMIC CLOSURE OBSTRUCTION,FOUNDATIONAL,KEEP AS CENTRAL THEOREM/COUNTEREXAMPLE,P0,IN_REPOSITORY,
MF-R050,Cumulant hierarchy,Q_lambda depends on the cumulant hierarchy,"Where the log moment-generating expansion exists, Q_lambda = mean - (lambda/2) variance + (lambda^2/6) kappa_3 - (lambda^3/24) kappa_4 + ... .",A34,A34 canonical,CLASSICAL_SERIES + NUMERICAL_APPROXIMATION,PROVED UNDER ANALYTICITY,CLASSICAL CUMULANT EXPANSION,Cumulant-generating functions,CLASSICAL ATTRIBUTION REQUIRED,audits/a34_exact_results/a34_theorem.md,https://github.com/DevHabito/precategorical-modal-field-framework/blob/main/audits/a34_exact_results/a34_theorem.md,Approximation errors decrease as kappa_3 and kappa_4 are included.,Exponential moments and convergence/validity of the expansion.,Higher cumulants explain the generic failure of mean-variance closure.,A globally convergent expansion for heavy-tailed laws.,MATHEMATICAL BACKGROUND,FOUNDATIONAL,"KEEP AS DERIVATION SUPPORT, NOT NEW RESULT",P1,IN_REPOSITORY,
MF-R051,Gaussian closure,Gaussian affine dynamics close exactly in mean and variance,"If q is Gaussian and innovations are Gaussian under an affine update, the state remains Gaussian and Q_lambda=mean-(lambda/2)variance is exactly determined by the first two moments.",A35,A35 canonical,CLASSICAL_CONDITIONAL_THEOREM + SIMULATION,PROVED,CLASSICAL GAUSSIAN CLOSURE,Gaussian AR processes and cumulant-generating functions,CLASSICAL ATTRIBUTION REQUIRED,audits/a35_exact_results/a35_theorem.md,https://github.com/DevHabito/precategorical-modal-field-framework/blob/main/audits/a35_exact_results/a35_theorem.md,Exact closure identity error <=1.78e-15.,"Gaussian initial law, Gaussian affine innovations, finite variance.",Mean-variance closure is exact inside the Gaussian invariant family.,"That centering, finite variance, or the present RZS law derives Gaussianity.",CONDITIONAL MODEL CLOSURE,FOUNDATIONAL,KEEP AS CONDITIONAL SPECIAL CASE,P0,IN_REPOSITORY,
MF-R052,Non-Gaussian innovations,Centering does not Gaussianize innovations or eliminate higher cumulants,Affine recursions with non-Gaussian innovations retain law-specific stationary cumulants; centered Rademacher components remain strongly non-Gaussian.,A35,A35 canonical,CUMULANT_IDENTITY + MONTE_CARLO,PROVED / COMPUTATIONALLY DEMONSTRATED,CLASSICAL TIME-SERIES FACT,AR(1) cumulants and linear processes,CLASSICAL ATTRIBUTION REQUIRED,audits/a35_exact_results/a35_summary.json,https://github.com/DevHabito/precategorical-modal-field-framework/blob/main/audits/a35_exact_results/a35_summary.json,Stationary Rademacher excess kurtosis -0.3800669; finite-dimensional centered components remain non-Gaussian.,Affine independent innovations; stated distributions.,Centered noise is not equivalent to Gaussian noise.,A universal statement about every interacting RZS graph process.,NOISE-LAW LIMIT,FOUNDATIONAL,KEEP AS CORRECTION TO A COMMON ASSUMPTION,P1,IN_REPOSITORY,
MF-R053,Gaussian selection,Gaussianity is selected only by additional strong assumption packages,"Fixed-variance maximum entropy, exact finite-variance stability under normalized sums, or rotational invariance plus independent components can select Gaussian laws; each conclusion is conditional on its assumptions.","A36, A36.1",A36.1 canonical corrective diagnostic,CLASSICAL_THEOREM_SYNTHESIS + REGRESSION_TESTS,CLASSICAL CONDITIONAL RESULTS,CLASSICAL; SYNTHESIS IS FRAMEWORK VALUE,"Maximum entropy, stable laws, Maxwell characterization",CLASSICAL ATTRIBUTION REQUIRED,audits/a36_1_exact_results/a36_1_theorem.md,https://github.com/DevHabito/precategorical-modal-field-framework/blob/main/audits/a36_1_exact_results/a36_1_theorem.md,"Entropy calculations, characteristic-function stability tests, corrected CLT diagnostic.",Each theorem's own assumptions; finite variance where stated.,The framework can list sufficient Gaussian-selection principles and identify which are currently absent.,That the present RZS dynamics derives Gaussian noise.,CONDITIONAL NOISE MODEL,FOUNDATIONAL,KEEP AS SYNTHESIS; REDUCE AUDIT LOG IN MAIN TEXT,P1,IN_REPOSITORY,
MF-R054,CLT status,Central-limit convergence is asymptotic and requires independence or mixing plus tail conditions,"Finite-variance normalized sums can approach Gaussian characteristic functions, but finite-n lattice effects remain and weak convergence alone does not control exponential moments.","A36.1, A37.1",A37.1 canonical synthesis,CLASSICAL_THEOREM + CORRECTED NUMERICAL DIAGNOSTIC,CLASSICAL CONDITIONAL RESULT,CLASSICAL,Lindeberg-Feller CLT and uniform integrability,CLASSICAL ATTRIBUTION REQUIRED,audits/a37_1_exact_results/a37_theorem.md,https://github.com/DevHabito/precategorical-modal-field-framework/blob/main/audits/a37_1_exact_results/a37_theorem.md,Compact characteristic-function error decreases through n=2048 for bounded/light-tailed laws.,Independent normalized sums; stated moment and tail controls.,"Gaussian universality is a conditional asymptotic regime, not an automatic consequence of centering.",Exact finite-scale Gaussianity or convergence of all nonlinear observables.,CONDITIONAL UNIVERSALITY,FOUNDATIONAL,KEEP AS BACKGROUND FOR A37 RESULT,P1,IN_REPOSITORY,
MF-R055,Partial noise universality,Matched mean and variance universalize low-order linear observables but not nonlinear/tail observables,"In the affine stationary audit, variance and autocorrelation are law-independent by construction, while excess kurtosis, Q_lambda, tail behavior, and standardized kernel statistics remain law-sensitive.",A37.1,A37.1 canonical,ANALYTIC_CUMULANTS + MONTE_CARLO,CONDITIONAL MODEL RESULT,PROJECT-SPECIFIC SYNTHESIS OF CLASSICAL LINEAR-PROCESS FACTS,"Linear processes, universality, cumulants",NOVELTY CLAIM SHOULD BE MODEST,audits/a37_1_exact_results/a37_summary.json,https://github.com/DevHabito/precategorical-modal-field-framework/blob/main/audits/a37_1_exact_results/a37_summary.json,Stationary excess spread 0.95017; Q spread at lambda=2 is 0.40743; kernel concentration spread about 0.02098.,Affine scalar/vector surrogate with a=0.825 and specified innovation laws.,Noise details can be dispensable for some observables and essential for others.,Universality of the full RZS graph dynamics.,CONDITIONAL MODEL RESULT,FOUNDATIONAL,KEEP AS QUALIFIED OBSERVABLE-DEPENDENCE RESULT,P1,IN_REPOSITORY,
MF-R056,Heavy-tail obstruction,Finite variance does not guarantee finite Q_lambda,"Student-t innovations can have finite variance and finite fourth moment while E[exp(-lambda X)] diverges for every nonzero real lambda, making the population Q_lambda non-finite.",A37.1,A37.1 canonical,CLASSICAL_TAIL_RESULT + FRAMEWORK CONSEQUENCE,PROVED,CLASSICAL; IMPORTANT APPLICATION,Moment-generating functions of heavy-tailed distributions,CLASSICAL ATTRIBUTION REQUIRED,audits/a37_1_exact_results/a37_theorem.md,https://github.com/DevHabito/precategorical-modal-field-framework/blob/main/audits/a37_1_exact_results/a37_theorem.md,Analytic divergence classification; no finite-sample convergence claim substituted.,Student-t-type polynomial tails and real exponential moment.,The partition-score formalism requires stronger tail control than finite variance.,That every heavy-tailed alternative is inadmissible for every observable.,MATHEMATICAL DOMAIN RESTRICTION,FOUNDATIONAL,KEEP AS STRONG DOMAIN-OF-DEFINITION WARNING,P0,IN_REPOSITORY,
MF-R057,Dependence obstruction,Shared non-Gaussian factors can block Gaussian coarse-graining,"For Xi=sqrt(rho)C+sqrt(1-rho)Gi with common non-Gaussian C, variance-normalized block sums retain a non-Gaussian common component as block size grows.",A37.1,A37.1 canonical,ANALYTIC_COUNTEREXAMPLE,PROVED,CLASSICAL COMMON-FACTOR COUNTEREXAMPLE,Dependent CLTs and factor models,CLASSICAL ATTRIBUTION / NOVELTY NOT CENTRAL,audits/a37_1_exact_results/a37_theorem.md,https://github.com/DevHabito/precategorical-modal-field-framework/blob/main/audits/a37_1_exact_results/a37_theorem.md,"At block size 1024, standardized excess kurtosis approaches -2 in the audited rho=0.25 example.",Persistent common factor; no vanishing dependence.,Independence or adequate mixing is a substantive requirement for Gaussian universality.,That all correlated systems fail to Gaussianize.,CONDITIONAL UNIVERSALITY LIMIT,FOUNDATIONAL,KEEP AS ONE CLEAN COUNTEREXAMPLE,P1,IN_REPOSITORY,
MF-R058,Quasi-arithmetic coarse-graining,Translation-covariant decomposable quasi-arithmetic means reduce to arithmetic or exponential families,"Within the continuous strictly monotone weighted quasi-arithmetic class, decomposability plus M(q+c)=M(q)+c yields affine generators (arithmetic mean) or exponential generators (log-sum-exp family), up to equivalent reparameterization.",A38.1,A38.1 canonical,CLASSICAL_CHARACTERIZATION + NUMERICAL_CHECKS,CLASSICAL UNDER REGULARITY ASSUMPTIONS,CLASSICAL KOLMOGOROV-NAGUMO/ACZEL RESULT,Quasi-arithmetic means and translation invariance,CLASSICAL ATTRIBUTION REQUIRED,audits/a38_1_exact_results/a38_theorem.md,https://github.com/DevHabito/precategorical-modal-field-framework/blob/main/audits/a38_1_exact_results/a38_theorem.md,"Associativity and gauge checks for arithmetic, exponential, median, minimum, and RMS.",Continuous strictly monotone quasi-arithmetic means; exact decomposability.,The audited regular mean class contains two translation-covariant families relevant to the framework.,A new classification theorem or uniqueness of a physical coarse-graining.,MATHEMATICAL BACKGROUND,FOUNDATIONAL,REWRITE AS CLASSICAL THEOREM WITH CONSEQUENCES,P0,IN_REPOSITORY,
MF-R059,Kernel-sufficient score,Q_lambda exactly preserves the exponential kernel under grouping,"If block mass mu_B and Q_B are passed, then mu_B exp(-lambda Q_B)=sum_{i in B} mu_i exp(-lambda q_i), so block probabilities equal direct microscopic aggregation.",A38.1,A38.1 canonical,EXACT_SUFFICIENT-STATISTIC IDENTITY,PROVED,ELEMENTARY BUT CENTRAL PROJECT-SPECIFIC CONSEQUENCE,Sufficient statistics and log-sum-exp aggregation,NOVELTY CLAIM SHOULD BE MODEST,audits/a38_1_exact_results/a38_theorem.md,https://github.com/DevHabito/precategorical-modal-field-framework/blob/main/audits/a38_1_exact_results/a38_theorem.md,Maximum macro-probability TV about 2.19e-16.,Fixed exponential kernel and supplied mass.,Q_lambda is the exact static message for this declared observable.,The unique coarse variable for every law or a physical thermodynamic potential.,STATIC OPERATIONAL COARSE-GRAINING,FOUNDATIONAL,KEEP AS CORE POSITIVE RESULT,P0,IN_REPOSITORY,
MF-R060,Median non-closure,Mass plus weighted median is not a closed hierarchical message,There exist two groups whose group masses and lower weighted medians yield hierarchical median 0 while the direct leaf median is 1.,A38.1,A38.1 canonical corrective gate,EXACT_COUNTEREXAMPLE,PROVED,ELEMENTARY PROJECT-SPECIFIC COUNTEREXAMPLE,Non-decomposability of quantiles,NOVELTY CLAIM NOT NEEDED,audits/a38_1_exact_results/a38_theorem.md,https://github.com/DevHabito/precategorical-modal-field-framework/blob/main/audits/a38_1_exact_results/a38_theorem.md,Exact counterexample difference 1; random associativity pass rate 0.3822.,Lower weighted median summarized only by mass and median.,Median is robust but that scalar summary is not hierarchically closed.,No hierarchical quantile sketch or richer summary can exist.,MATHEMATICAL COARSE-GRAINING LIMIT,FOUNDATIONAL / SUPPLEMENT,KEEP AS SHORT COUNTEREXAMPLE,P2,IN_REPOSITORY,
MF-R061,Source occupancy obstruction,A micro kernel and partition do not determine a unique macro transition without source occupancy,"K_macro(A,B)=sum_{i in A} rho(i|A) sum_{j in B} K_ij depends explicitly on the conditional source distribution rho inside A.",A38.1,A38.1 canonical,CLASSICAL_MARKOV_AGGREGATION FACT + NUMERICAL WITNESS,PROVED,CLASSICAL KEMENY-SNELL/LUMPABILITY CONSEQUENCE,Markov-chain lumpability and coarse-graining,CLASSICAL ATTRIBUTION REQUIRED,audits/a38_1_exact_results/a38_theorem.md,https://github.com/DevHabito/precategorical-modal-field-framework/blob/main/audits/a38_1_exact_results/a38_theorem.md,Same micro kernel and partition with two occupancies gives median macro-row TV about 0.10122.,General non-lumpable finite Markov kernel.,Occupancy or a lumpability condition is necessary for a unique macro Markov kernel.,A new discovery of lumpability or proof that pi is a fundamental physical field.,DYNAMIC COARSE-GRAINING REQUIREMENT,FOUNDATIONAL,KEEP AS CLASSICAL PILLAR FOR pi,P0,IN_REPOSITORY,
MF-R062,Flow aggregation,Joint flows aggregate exactly when occupancy is supplied,"With F_ij=pi_i K_ij, define F_AB=sum_{i in A,j in B}F_ij and pi_A=sum_{i in A}pi_i; then K_macro(A,B)=F_AB/pi_A equals direct occupancy-weighted aggregation.",A38.1,A38.1 canonical,EXACT_IDENTITY,PROVED,CLASSICAL CONDITIONAL-FLOW CONSTRUCTION,Markov aggregation and probability flux,CLASSICAL ATTRIBUTION REQUIRED,audits/a38_1_exact_results/a38_theorem.md,https://github.com/DevHabito/precategorical-modal-field-framework/blob/main/audits/a38_1_exact_results/a38_theorem.md,Maximum aggregation error 8.88e-16.,pi_A>0 and a supplied micro occupancy distribution.,Carrying joint flow or occupancy restores exact dynamic aggregation.,"That the physical origin, dynamics, or uniqueness of pi is known.",DYNAMIC OPERATIONAL CONSTRUCTION,FOUNDATIONAL,KEEP AS CORE POSITIVE RESULT,P0,IN_REPOSITORY,
MF-R063,Observable-relative coarse-graining,There is no observable-independent unique scalar coarse-graining of q,"Arithmetic mean exactly preserves the first moment, Q_lambda preserves the exponential kernel, minimum preserves an extremum, and different summaries answer different preservation problems.","A34, A38.1",A38.1 canonical synthesis,FRAMEWORK_SYNTHESIS,SUPPORTED BY EXACT IDENTITIES AND COUNTEREXAMPLES,ORIGINAL SYNTHESIS; COMPONENTS MOSTLY CLASSICAL,"Sufficient statistics, coarse-graining, quasi-arithmetic means","NOVELTY CLAIM SHOULD TARGET THE SYNTHESIS, NOT COMPONENT THEOREMS",audits/a38_1_exact_results/a38_summary.json,https://github.com/DevHabito/precategorical-modal-field-framework/blob/main/audits/a38_1_exact_results/a38_summary.json,Comparative exact and seeded operator audit.,Declared candidate observables and summary classes.,A coarse-graining rule must be specified relative to the observable or dynamics it is meant to preserve.,A universal proof that no richer common state representation exists.,FOUNDATIONAL FRAMEWORK PRINCIPLE,FOUNDATIONAL,KEEP AS CENTRAL ORGANIZING PRINCIPLE,P0,IN_REPOSITORY,
MF-R064,Legacy RZS geometry,"Effective round-trip shortest-path geometry is computational, not yet physical",D_eff is the symmetrized directed shortest-path cost built from ell_ij=exp(q_ij); its metric-like properties are properties of the computational construction.,RZS v10.8-v10.9,Legacy geometry track; not fully archived in current repository,DEFINITION + EXACT_TESTS,CONSTRUCTION VERIFIED,PROJECT-SPECIFIC CONSTRUCTION,Directed shortest-path metrics and symmetrization,DEDICATED PRIOR-ART SEARCH REQUIRED,NOT_IN_CURRENT_REPOSITORY,,Legacy tests reported 63-65 packages and 338-350 tests with no software failures.,Positive directed edge costs; selected symmetrization.,The construction defines an effective computational geometry up to global scale.,"Physical distance, spacetime interval, calibrated length, or uniqueness.",COMPUTATIONAL GEOMETRY ONLY,FUTURE_GEOMETRY / FOUNDATIONAL,ARCHIVE CODE BEFORE USING IN A NEW MANUSCRIPT,P0,REPRODUCIBILITY_GAP,"Add the v10.8-v10.9 scripts, summaries, and contracts to the public repository."
MF-R065,Regge eligibility,Local simplicial consistency did not establish robust Regge curvature,"Selected triangles, tetrahedra, Cayley-Menger determinants, and deficit calculations passed local eligibility checks, but temporal stability and null-separation gates failed across later coarse-graining stages.",RZS v11.0-v12.0,Legacy negative geometry track; not fully archived,COMPUTATIONAL_PROTOCOL,NEGATIVE / BLOCKED RESULT,PROJECT-SPECIFIC NEGATIVE RESULT,Regge calculus and discrete geometry diagnostics,METHODS AND PRIOR-ART REVIEW REQUIRED,NOT_IN_CURRENT_REPOSITORY,,"Reported phase maps, dense ensembles, alternative observables, and persistent regional frames.","Specific synthetic q dynamics, topologies, coarse-graining, and gates.",Robust Regge curvature and promotion to GR remain blocked.,"Emergent gravity, Einstein equations, physical curvature, or successful renormalization.",PHYSICAL CLAIM BLOCKED,FUTURE_GEOMETRY / REPOSITORY_ONLY,DO NOT INCLUDE AS POSITIVE THEORY CLAIM,P0,REPRODUCIBILITY_GAP,Archive all v11.x-v12.0 code and define the physical interpretation only after a successful prospective protocol.
MF-R066,q-topology coherence,Prospective q-topology coherence signature passed its declared v12.9 gates,"On new sizes, topologies, seeds, and data, the declared regional q-topology signature passed 10/10 gates, including joint selectivity in 19/24 cells.",RZS v12.9,Latest legacy geometry diagnostic; not in current public archive,PROSPECTIVE COMPUTATIONAL_TEST,COMPUTATIONALLY DEMONSTRATED FOR DECLARED PROTOCOL,PROJECT-SPECIFIC NUMERICAL RESULT,Graph-signal/topological coherence diagnostics,DEDICATED METHODS SEARCH REQUIRED,NOT_IN_CURRENT_REPOSITORY,,Reported 0/384 gauge mismatches and specified null pass counts.,"Exact v12.9 generators, masks, thresholds, and factor grid.",The specific q-topology coherence signature generalized prospectively within the tested ensemble.,"Physical topology, spacetime emergence, curvature, or experimental validation.",SYNTHETIC DIAGNOSTIC ONLY,FUTURE_GEOMETRY / SUPPLEMENT,ARCHIVE AND CLASSIFY BEFORE CITATION,P1,REPRODUCIBILITY_GAP,"Publish the v12.9 source, frozen protocol, and raw cell-level outputs."
MF-R067,Framework architecture,"Current minimal architecture is (R,q,mu,K,pi)","The accumulated obstructions motivate a provisional architecture containing relation/order R, relative quantitative marks q, additive measure mu, transition law K, and occupancy pi.",A18-A38.1 plus legacy RZS track,Current framework synthesis,FRAMEWORK_SYNTHESIS,CONCEPTUAL ARCHITECTURE; NOT A UNIQUENESS THEOREM,POTENTIALLY ORIGINAL SYNTHESIS,"Marked relational structures, measure, Markov kernels, and state distributions",BROAD LITERATURE REVIEW REQUIRED,docs/SCIENTIFIC_STATUS.md,https://github.com/DevHabito/precategorical-modal-field-framework/blob/main/docs/SCIENTIFIC_STATUS.md,Each component is motivated by a separate identifiability or closure obstruction.,"Minimal relative to the obstructions currently studied, not minimal over all possible theories.","The framework gives a disciplined provisional inventory of information needed for order, measure, transition, and coarse-grained flow.","A proven unique ontology, a final fundamental theory, or derivation of all primitives.",FOUNDATIONAL RESEARCH PROGRAMME,FOUNDATIONAL,MAKE THIS THE POSITIVE THESIS OF THE FOUNDATIONAL PAPER,P0,IN_REPOSITORY,"State explicit independence and reduction questions among q, mu, K, and pi."
MF-R068,No-go catalogue,The obstruction map is a framework-level contribution,"The project organizes failures of identifiability, scale calibration, law selection, refinement semantics, dynamic closure, noise universality, and macro aggregation into a dependency map.",A18-A38.1,Current framework synthesis,FRAMEWORK_SYNTHESIS,SUPPORTED BY MIXED CLASSICAL AND PROJECT-SPECIFIC RESULTS,ORIGINAL ORGANIZATION; INDIVIDUAL ITEMS HAVE UNEQUAL NOVELTY,"Pregeometry, causal-set reconstruction, measurement theory, stochastic coarse-graining",ITEM-BY-ITEM ATTRIBUTION REQUIRED,docs/SCIENTIFIC_STATUS.md,https://github.com/DevHabito/precategorical-modal-field-framework/blob/main/docs/SCIENTIFIC_STATUS.md,"Canonical audits, failures, corrections, and theorem notes.",Only the explicitly studied constructions and axioms.,The catalogue clarifies which additional structures are logically needed in the current programme.,Presenting every no-go as equally deep or technically novel.,FOUNDATIONAL SYNTHESIS,FOUNDATIONAL,"KEEP, BUT TYPOGRAPHICALLY SEPARATE DEFINITIONS, CLASSICAL COROLLARIES, AND NONTRIVIAL RESULTS",P0,IN_REPOSITORY,
MF-R069,Scientific boundary,"No physical spacetime, calibrated metric, gravity, or experimental mapping has been derived","The current results establish formal structures and conditional computational properties but do not identify q, mu, K, or pi with measured physical quantities.",Whole programme,Current repository status,SCIENTIFIC_STATUS / NONCLAIM,ESTABLISHED SCOPE BOUNDARY,NO NOVELTY CLAIM,Standards of operationalization and theory confirmation,NOT APPLICABLE,docs/SCIENTIFIC_STATUS.md,https://github.com/DevHabito/precategorical-modal-field-framework/blob/main/docs/SCIENTIFIC_STATUS.md,"Repository records successful, failed, and corrective protocols.",Current published artifacts only.,The work is a formal pre-categorical research programme with explicit open physical bridges.,"Confirmed fundamental physics, emergent GR, matter, energy, or experimental support.",PHYSICAL CONNECTION OPEN,FOUNDATIONAL,"KEEP AS A SHORT BOUNDARY SECTION, NOT A DEFENSIVE REFRAIN",P0,IN_REPOSITORY,
